{"framework":"apd-framework-8.6.1","title":"Shakki-ohje","build_id":"53fb887c094622b730d322be","icon":"..\/GlobalArt\/AppIconDefault_Chess.png","sections":{},"birdseed_version":3,"toc":[],"locale":"fi","version":"10.10","enable_tracking":false,"source_schema":"apd-schema","platform":"mac","design":"default","build_date":"2014.08.25-12:04:46","landing":"chss34872","product":"chess","urls":{},"copyright":"","topics":{"chss34872":{"name":"Shakki-ohje","href":"chss34872.html","categories":["landing"]}},"copyright_text":"© 2014 Apple Inc. Kaikki oikeudet pidätetään.","css":""}