{"framework":"apd-framework-8.6.1","title":"Справка Шахмат","build_id":"53fbbe2b680ce2bc17f87e3d","icon":"..\/GlobalArt\/AppIconDefault_Chess.png","sections":{},"birdseed_version":3,"toc":[],"locale":"ru","version":"10.10","enable_tracking":false,"source_schema":"apd-schema","platform":"mac","design":"default","build_date":"2014.08.25-15:54:22","landing":"chss34872","product":"chess","urls":{},"copyright":"","topics":{"chss34872":{"name":"Справка Шахмат","href":"chss34872.html","categories":["landing"]}},"copyright_text":"© 2014 Apple Inc. Все права защищены.","css":""}