{"framework":"apd-framework-8.6.1","title":"Ajuda Xadrez","build_id":"53fb887c094622b730d322c4","icon":"..\/GlobalArt\/AppIconDefault_Chess.png","sections":{},"birdseed_version":3,"toc":[],"locale":"pt-br","version":"10.10","enable_tracking":false,"source_schema":"apd-schema","platform":"mac","design":"default","build_date":"2014.08.25-12:04:46","landing":"chss34872","product":"chess","urls":{},"copyright":"","topics":{"chss34872":{"name":"Ajuda Xadrez","href":"chss34872.html","categories":["landing"]}},"copyright_text":"© 2014 Apple Inc. Todos os direitos reservados.","css":""}