{"framework":"apd-framework-8.4.6","title":"Pomocník pre Šach","build_id":"53ac6158094622b86a1f391b","icon":"..\/GlobalArt\/AppIconDefault_Chess.png","sections":{},"birdseed_version":3,"toc":[],"locale":"sk","version":"10.10","enable_tracking":false,"source_schema":"apd-schema","platform":"mac","design":"default","build_date":"2014.06.26-11:08:25","landing":"chss34872","product":"chess","urls":{},"copyright":"","topics":{"chss34872":{"name":"Pomocník pre Šach","href":"chss34872.html","categories":["landing"]}},"copyright_text":"© 2014 Apple Inc. Všetky práva vyhradené.","css":""}