{"framework":"apd-framework-8.4.6","title":"Trợ giúp Cờ vua","build_id":"53ac6161094622b86a1f39f3","icon":"..\/GlobalArt\/AppIconDefault_Chess.png","sections":{},"birdseed_version":3,"toc":[],"locale":"vi","version":"10.10","enable_tracking":false,"source_schema":"apd-schema","platform":"mac","design":"default","build_date":"2014.06.26-11:09:48","landing":"chss34872","product":"chess","urls":{},"copyright":"","topics":{"chss34872":{"name":"Trợ giúp Cờ vua","href":"chss34872.html","categories":["landing"]}},"copyright_text":"© 2014 Apple Inc. Mọi quyền được bảo lưu.","css":""}