{"framework":"apd-framework-8.4.6","title":"Bantuan Catur","build_id":"53ac615a094622b86a1f3948","icon":"..\/GlobalArt\/AppIconDefault_Chess.png","sections":{},"birdseed_version":3,"toc":[],"locale":"ms","version":"10.10","enable_tracking":false,"source_schema":"apd-schema","platform":"mac","design":"default","build_date":"2014.06.26-11:08:40","landing":"chss34872","product":"chess","urls":{},"copyright":"","topics":{"chss34872":{"name":"Bantuan Catur","href":"chss34872.html","categories":["landing"]}},"copyright_text":"© 2014 Apple Inc. Hak cipta terpelihara.","css":""}