{"framework":"apd-framework-8.4.6","title":"Satranç Yardım","build_id":"53ac6156094622b86a1f38ee","icon":"..\/GlobalArt\/AppIconDefault_Chess.png","sections":{},"birdseed_version":3,"toc":[],"locale":"tr","version":"10.10","enable_tracking":false,"source_schema":"apd-schema","platform":"mac","design":"default","build_date":"2014.06.26-11:22:19","landing":"chss34872","product":"chess","urls":{},"copyright":"","topics":{"chss34872":{"name":"Satranç Yardım","href":"chss34872.html","categories":["landing"]}},"copyright_text":"© 2014 Apple Inc. Tüm hakları saklıdır.","css":""}