{"framework":"apd-framework-8.4.6","title":"Aiuto Scacchi","build_id":"53ac6160094622b86a1f39d8","icon":"..\/GlobalArt\/AppIconDefault_Chess.png","sections":{},"birdseed_version":3,"toc":[],"locale":"it","version":"10.10","enable_tracking":false,"source_schema":"apd-schema","platform":"mac","design":"default","build_date":"2014.06.26-11:09:37","landing":"chss34872","product":"chess","urls":{},"copyright":"","topics":{"chss34872":{"name":"Aiuto Scacchi","href":"chss34872.html","categories":["landing"]}},"copyright_text":"© 2014 Apple Inc. Tutti i diritti riservati.","css":""}