{"framework":"apd-framework-8.4.6","title":"עזרה בנושא ״שחמט״","build_id":"53ac615f094622b86a1f39b4","icon":"..\/GlobalArt\/AppIconDefault_Chess.png","sections":{},"birdseed_version":3,"toc":[],"locale":"he","version":"10.10","enable_tracking":false,"source_schema":"apd-schema","platform":"mac","design":"default","build_date":"2014.06.26-11:09:23","landing":"chss34872","product":"chess","urls":{},"copyright":"","topics":{"chss34872":{"name":"עזרה בנושא ״שחמט״","href":"chss34872.html","categories":["landing"]}},"copyright_text":"© 2014 Apple בע״מ. כל הזכויות שמורות.","css":""}