{"framework":"apd-framework-8.6.1","title":"Schaken Help","build_id":"53fbbe2a680ce2bc17f87e37","icon":"..\/GlobalArt\/AppIconDefault_Chess.png","sections":{},"birdseed_version":3,"toc":[],"locale":"nl","version":"10.10","enable_tracking":false,"source_schema":"apd-schema","platform":"mac","design":"default","build_date":"2014.08.25-15:53:48","landing":"chss34872","product":"chess","urls":{},"copyright":"","topics":{"chss34872":{"name":"Schaken Help","href":"chss34872.html","categories":["landing"]}},"copyright_text":"© 2014 Apple Inc. Alle rechten voorbehouden.","css":""}