{"framework":"apd-framework-8.4.6","title":"西洋棋輔助說明","build_id":"53ac615d094622b86a1f3990","icon":"..\/GlobalArt\/AppIconDefault_Chess.png","sections":{},"birdseed_version":3,"toc":[],"locale":"zh-tw","version":"10.10","enable_tracking":false,"source_schema":"apd-schema","platform":"mac","design":"default","build_date":"2014.06.26-11:09:10","landing":"chss34872","product":"chess","urls":{},"copyright":"","topics":{"chss34872":{"name":"西洋棋輔助說明","href":"chss34872.html","categories":["landing"]}},"copyright_text":"© 2014 Apple Inc. 保留一切權利。","css":""}