{"framework":"apd-framework-8.4.6","title":"Ajuda do Xadrez","build_id":"53ac615d094622b86a1f3999","icon":"..\/GlobalArt\/AppIconDefault_Chess.png","sections":{},"birdseed_version":3,"toc":[],"locale":"pt-pt","version":"10.10","enable_tracking":false,"source_schema":"apd-schema","platform":"mac","design":"default","build_date":"2014.06.26-11:09:16","landing":"chss34872","product":"chess","urls":{},"copyright":"","topics":{"chss34872":{"name":"Ajuda do Xadrez","href":"chss34872.html","categories":["landing"]}},"copyright_text":"© 2014 Apple Inc. Todos os direitos reservados.","css":""}