{"framework":"apd-framework-8.4.6","title":"Βοήθεια για το Σκάκι","build_id":"53ac6162094622b86a1f39fc","icon":"..\/GlobalArt\/AppIconDefault_Chess.png","sections":{},"birdseed_version":3,"toc":[],"locale":"el","version":"10.10","enable_tracking":false,"source_schema":"apd-schema","platform":"mac","design":"default","build_date":"2014.06.26-11:09:53","landing":"chss34872","product":"chess","urls":{},"copyright":"","topics":{"chss34872":{"name":"Βοήθεια για το Σκάκι","href":"chss34872.html","categories":["landing"]}},"copyright_text":"© 2014 Apple Inc. Με επιφύλαξη κάθε δικαιώματος.","css":""}