{"framework":"apd-framework-8.4.6","title":"チェスヘルプ","build_id":"53ac6157094622b86a1f3909","icon":"..\/GlobalArt\/AppIconDefault_Chess.png","sections":{},"birdseed_version":3,"toc":[],"locale":"ja","version":"10.10","enable_tracking":false,"source_schema":"apd-schema","platform":"mac","design":"default","build_date":"2014.06.26-11:22:32","landing":"chss34872","product":"chess","urls":{},"copyright":"","topics":{"chss34872":{"name":"チェスヘルプ","href":"chss34872.html","categories":["landing"]}},"copyright_text":"© 2014 Apple Inc. All rights reserved.","css":""}