{"framework":"apd-framework-8.4.6","title":"Ajutor Șah","build_id":"53ac6156094622b86a1f38f7","icon":"..\/GlobalArt\/AppIconDefault_Chess.png","sections":{},"birdseed_version":3,"toc":[],"locale":"ro","version":"10.10","enable_tracking":false,"source_schema":"apd-schema","platform":"mac","design":"default","build_date":"2014.06.26-11:08:11","landing":"chss34872","product":"chess","urls":{},"copyright":"","topics":{"chss34872":{"name":"Ajutor Șah","href":"chss34872.html","categories":["landing"]}},"copyright_text":"© 2014 Apple Inc. Toate drepturile rezervate.","css":""}