{"framework":"apd-framework-8.4.6","title":"Довідка Шахів","build_id":"53ac6159094622b86a1f393f","icon":"..\/GlobalArt\/AppIconDefault_Chess.png","sections":{},"birdseed_version":3,"toc":[],"locale":"uk","version":"10.10","enable_tracking":false,"source_schema":"apd-schema","platform":"mac","design":"default","build_date":"2014.06.26-11:08:38","landing":"chss34872","product":"chess","urls":{},"copyright":"","topics":{"chss34872":{"name":"Довідка Шахів","href":"chss34872.html","categories":["landing"]}},"copyright_text":"© Apple Inc., 2014. Всі права захищені.","css":""}