{"framework":"apd-framework-8.4.6","title":"วิธีใช้หมากรุก","build_id":"53ac615c094622b86a1f397e","icon":"..\/GlobalArt\/AppIconDefault_Chess.png","sections":{},"birdseed_version":3,"toc":[],"locale":"th","version":"10.10","enable_tracking":false,"source_schema":"apd-schema","platform":"mac","design":"default","build_date":"2014.06.26-11:09:05","landing":"chss34872","product":"chess","urls":{},"copyright":"","topics":{"chss34872":{"name":"วิธีใช้หมากรุก","href":"chss34872.html","categories":["landing"]}},"copyright_text":"© 2014 Apple Inc สงวนลิขสิทธิ์","css":""}