{"framework":"apd-framework-8.6.1","title":"Bantuan Catur","build_id":"5453d1ca09462227155bf468","icon":"..\/GlobalArt\/AppIconDefault_Chess.png","sections":{},"birdseed_version":3,"toc":[],"locale":"id","version":"10.10","enable_tracking":false,"source_schema":"apd-schema","platform":"mac","design":"default","build_date":"2014.10.31-11:16:48","landing":"chss34872","product":"chess","urls":{},"copyright":"","topics":{"chss34872":{"name":"Bantuan Catur","href":"chss34872.html","categories":["landing"]}},"copyright_text":"© 2014 Apple Inc. Semua hak cipta dilindungi undang-undang.","css":""}