{"framework":"apd-framework-8.4.6","title":"Chess Help","build_id":"538fc1ab680ce2fd5d07e50b","icon":"..\/GlobalArt\/AppIconDefault_Chess.png","sections":{},"birdseed_version":3,"toc":[],"locale":"en","version":"10.10","enable_tracking":false,"source_schema":"apd-schema","collect_feedback":true,"platform":"mac","design":"default","build_date":"2014.06.04-18:19:25","landing":"chss34872","product":"chess","urls":{},"copyright":"","topics":{"chss34872":{"name":"Chess Help","href":"chss34872.html","categories":["landing"]}},"copyright_text":"© 2014 Apple Inc. All rights reserved.","css":""}