{"framework":"apd-framework-8.4.6","title":"체스 도움말","build_id":"53ac6155094622b86a1f38e5","icon":"..\/GlobalArt\/AppIconDefault_Chess.png","sections":{},"birdseed_version":3,"toc":[],"locale":"ko","version":"10.10","enable_tracking":false,"source_schema":"apd-schema","platform":"mac","design":"default","build_date":"2014.06.26-11:08:11","landing":"chss34872","product":"chess","urls":{},"copyright":"","topics":{"chss34872":{"name":"체스 도움말","href":"chss34872.html","categories":["landing"]}},"copyright_text":"© 2014 Apple Inc. 모든 권리 보유.","css":""}